buy_rise_pct,sell_drop_pct,final_value,return_pct,trades,buys,sells
4.0,8.5,1198.306329,19.830633,3,2,1
4.5,8.5,1198.306329,19.830633,3,2,1
5.0,8.5,1198.306329,19.830633,3,2,1
4.0,9.0,1189.771173,18.977117,3,2,1
4.5,9.0,1189.771173,18.977117,3,2,1
5.0,9.0,1189.771173,18.977117,3,2,1
4.0,9.5,1185.571403,18.55714,3,2,1
4.5,9.5,1185.571403,18.55714,3,2,1
5.0,9.5,1185.571403,18.55714,3,2,1
1.0,10.5,1183.986468,18.398647,3,2,1
1.0,11.0,1183.986468,18.398647,3,2,1
1.0,11.5,1183.986468,18.398647,3,2,1
1.0,12.0,1183.986468,18.398647,3,2,1
1.0,12.5,1183.986468,18.398647,3,2,1
1.0,13.0,1183.986468,18.398647,3,2,1
1.0,13.5,1183.986468,18.398647,3,2,1
9.5,4.5,1181.65651,18.165651,3,2,1
10.0,4.5,1181.65651,18.165651,3,2,1
9.5,5.0,1181.65651,18.165651,3,2,1
10.0,5.0,1181.65651,18.165651,3,2,1
9.5,5.5,1181.65651,18.165651,3,2,1
10.0,5.5,1181.65651,18.165651,3,2,1
9.5,6.0,1176.992579,17.699258,3,2,1
10.0,6.0,1176.992579,17.699258,3,2,1
3.0,10.0,1175.004068,17.500407,3,2,1
3.5,10.0,1175.004068,17.500407,3,2,1
4.0,10.0,1175.004068,17.500407,3,2,1
4.5,10.0,1175.004068,17.500407,3,2,1
5.0,10.0,1175.004068,17.500407,3,2,1
10.5,4.5,1174.888458,17.488846,3,2,1
10.5,5.0,1174.888458,17.488846,3,2,1
10.5,5.5,1174.888458,17.488846,3,2,1
1.0,14.0,1173.947907,17.394791,3,2,1
9.5,6.5,1173.235555,17.323556,3,2,1
10.0,6.5,1173.235555,17.323556,3,2,1
1.5,10.5,1171.659477,17.165948,3,2,1
2.0,10.5,1171.659477,17.165948,3,2,1
1.5,11.0,1171.659477,17.165948,3,2,1
2.0,11.0,1171.659477,17.165948,3,2,1
1.5,11.5,1171.659477,17.165948,3,2,1
2.0,11.5,1171.659477,17.165948,3,2,1
1.5,12.0,1171.659477,17.165948,3,2,1
2.0,12.0,1171.659477,17.165948,3,2,1
1.5,12.5,1171.659477,17.165948,3,2,1
2.0,12.5,1171.659477,17.165948,3,2,1
1.5,13.0,1171.659477,17.165948,3,2,1
2.0,13.0,1171.659477,17.165948,3,2,1
1.5,13.5,1171.659477,17.165948,3,2,1
2.0,13.5,1171.659477,17.165948,3,2,1
10.5,6.0,1170.251239,17.025124,3,2,1
11.0,4.5,1169.965158,16.996516,3,2,1
11.0,5.0,1169.965158,16.996516,3,2,1
11.0,5.5,1169.965158,16.996516,3,2,1
11.5,4.5,1168.740773,16.874077,3,2,1
11.5,5.0,1168.740773,16.874077,3,2,1
11.5,5.5,1168.740773,16.874077,3,2,1
5.5,8.5,1168.707852,16.870785,3,2,1
6.0,8.5,1168.707852,16.870785,3,2,1
6.5,8.5,1168.707852,16.870785,3,2,1
7.0,8.5,1168.707852,16.870785,3,2,1
7.5,8.5,1168.707852,16.870785,3,2,1
8.0,8.5,1168.707852,16.870785,3,2,1
1.5,7.0,1166.643646,16.664365,7,4,3
10.5,6.5,1166.515734,16.651573,3,2,1
11.0,6.0,1165.347371,16.534737,3,2,1
11.5,6.0,1164.127819,16.412782,3,2,1
9.5,7.0,1162.612221,16.261222,3,2,1
10.0,7.0,1162.612221,16.261222,3,2,1
1.5,14.0,1161.725431,16.172543,3,2,1
2.0,14.0,1161.725431,16.172543,3,2,1
11.0,6.5,1161.62752,16.162752,3,2,1
11.5,6.5,1160.41186,16.041186,3,2,1
5.5,9.0,1160.383517,16.038352,3,2,1
6.0,9.0,1160.383517,16.038352,3,2,1
6.5,9.0,1160.383517,16.038352,3,2,1
7.0,9.0,1160.383517,16.038352,3,2,1
7.5,9.0,1160.383517,16.038352,3,2,1
8.0,9.0,1160.383517,16.038352,3,2,1
2.0,7.0,1160.224112,16.022411,7,4,3
9.5,7.5,1159.891594,15.989159,3,2,1
10.0,7.5,1159.891594,15.989159,3,2,1
1.5,7.5,1158.54522,15.854522,7,4,3
8.5,8.5,1157.603752,15.760375,3,2,1
9.0,8.5,1157.603752,15.760375,3,2,1
12.0,4.5,1157.035851,15.703585,3,2,1
12.5,4.5,1157.035851,15.703585,3,2,1
12.0,5.0,1157.035851,15.703585,3,2,1
12.5,5.0,1157.035851,15.703585,3,2,1
12.0,5.5,1157.035851,15.703585,3,2,1
12.5,5.5,1157.035851,15.703585,3,2,1
5.5,9.5,1156.287482,15.628748,3,2,1
6.0,9.5,1156.287482,15.628748,3,2,1
6.5,9.5,1156.287482,15.628748,3,2,1
7.0,9.5,1156.287482,15.628748,3,2,1
7.5,9.5,1156.287482,15.628748,3,2,1
8.0,9.5,1156.287482,15.628748,3,2,1
10.5,7.0,1155.953246,15.595325,3,2,1
1.0,8.0,1153.600687,15.360069,7,4,3
10.5,7.5,1153.248202,15.32482,3,2,1
12.0,6.0,1152.469096,15.24691,3,2,1
12.5,6.0,1152.469096,15.24691,3,2,1
9.5,8.0,1152.247961,15.224796,3,2,1
10.0,8.0,1152.247961,15.224796,3,2,1
2.0,7.5,1152.170248,15.217025,7,4,3
11.0,7.0,1151.109293,15.110929,3,2,1
11.5,7.0,1149.904641,14.990464,3,2,1
1.0,7.0,1149.707751,14.970775,7,4,3
8.5,9.0,1149.358508,14.935851,3,2,1
9.0,9.0,1149.358508,14.935851,3,2,1
12.0,6.5,1148.790353,14.879035,3,2,1
12.5,6.5,1148.790353,14.879035,3,2,1
11.0,7.5,1148.415584,14.841558,3,2,1
4.0,7.0,1147.561506,14.756151,5,3,2
4.5,7.0,1147.561506,14.756151,5,3,2
5.0,7.0,1147.561506,14.756151,5,3,2
11.5,7.5,1147.213751,14.721375,3,2,1
5.5,4.5,1147.023483,14.702348,5,3,2
6.0,4.5,1147.023483,14.702348,5,3,2
6.5,4.5,1147.023483,14.702348,5,3,2
5.5,5.0,1147.023483,14.702348,5,3,2
6.0,5.0,1147.023483,14.702348,5,3,2
6.5,5.0,1147.023483,14.702348,5,3,2
5.5,5.5,1147.023483,14.702348,5,3,2
6.0,5.5,1147.023483,14.702348,5,3,2
6.5,5.5,1147.023483,14.702348,5,3,2
5.5,10.0,1145.981163,14.598116,3,2,1
6.0,10.0,1145.981163,14.598116,3,2,1
6.5,10.0,1145.981163,14.598116,3,2,1
7.0,10.0,1145.981163,14.598116,3,2,1
7.5,10.0,1145.981163,14.598116,3,2,1
8.0,10.0,1145.981163,14.598116,3,2,1
9.5,8.5,1145.899798,14.58998,3,2,1
10.0,8.5,1145.899798,14.58998,3,2,1
2.0,5.0,1145.886469,14.588647,9,5,4
2.0,5.5,1145.886469,14.588647,9,5,4
10.5,8.0,1145.648348,14.564835,3,2,1
8.5,9.5,1145.301391,14.530139,3,2,1
9.0,9.5,1145.301391,14.530139,3,2,1
5.5,6.0,1142.496246,14.249625,5,3,2
6.0,6.0,1142.496246,14.249625,5,3,2
6.5,6.0,1142.496246,14.249625,5,3,2
7.0,4.5,1142.464223,14.246422,5,3,2
7.0,5.0,1142.464223,14.246422,5,3,2
7.0,5.5,1142.464223,14.246422,5,3,2
1.5,6.0,1142.385414,14.238541,9,5,4
1.0,7.5,1141.726888,14.172689,7,4,3
1.5,8.0,1141.590055,14.159006,7,4,3
11.0,8.0,1140.847577,14.084758,3,2,1
1.0,14.5,1140.014728,14.001473,3,2,1
1.0,15.0,1140.014728,14.001473,3,2,1
1.0,15.5,1140.014728,14.001473,3,2,1
1.0,16.0,1140.014728,14.001473,3,2,1
1.0,16.5,1140.014728,14.001473,3,2,1
11.5,8.0,1139.653664,13.965366,3,2,1
4.0,7.5,1139.595541,13.959554,5,3,2
4.5,7.5,1139.595541,13.959554,5,3,2
5.0,7.5,1139.595541,13.959554,5,3,2
10.5,8.5,1139.336546,13.933655,3,2,1
5.5,6.5,1138.849337,13.884934,5,3,2
6.0,6.5,1138.849337,13.884934,5,3,2
6.5,6.5,1138.849337,13.884934,5,3,2
1.0,8.5,1138.59875,13.859875,5,3,2
12.0,7.0,1138.388363,13.838836,3,2,1
12.5,7.0,1138.388363,13.838836,3,2,1
7.0,6.0,1137.954981,13.795498,5,3,2
9.5,9.0,1137.737918,13.773792,3,2,1
10.0,9.0,1137.737918,13.773792,3,2,1
7.5,4.5,1137.395084,13.739508,5,3,2
7.5,5.0,1137.395084,13.739508,5,3,2
7.5,5.5,1137.395084,13.739508,5,3,2
2.0,6.0,1136.099362,13.609936,9,5,4
1.0,6.5,1135.847046,13.584705,9,5,4
12.0,7.5,1135.724422,13.572442,3,2,1
12.5,7.5,1135.724422,13.572442,3,2,1
2.0,8.0,1135.30838,13.530838,7,4,3
8.5,10.0,1135.092993,13.509299,3,2,1
9.0,10.0,1135.092993,13.509299,3,2,1
1.5,6.5,1135.074446,13.507445,9,5,4
11.0,8.5,1134.562224,13.456222,3,2,1
2.5,10.5,1134.495982,13.449598,3,2,1
3.0,10.5,1134.495982,13.449598,3,2,1
3.5,10.5,1134.495982,13.449598,3,2,1
4.0,10.5,1134.495982,13.449598,3,2,1
4.5,10.5,1134.495982,13.449598,3,2,1
5.0,10.5,1134.495982,13.449598,3,2,1
2.5,11.0,1134.495982,13.449598,3,2,1
3.0,11.0,1134.495982,13.449598,3,2,1
3.5,11.0,1134.495982,13.449598,3,2,1
4.0,11.0,1134.495982,13.449598,3,2,1
4.5,11.0,1134.495982,13.449598,3,2,1
5.0,11.0,1134.495982,13.449598,3,2,1
2.5,11.5,1134.495982,13.449598,3,2,1
3.0,11.5,1134.495982,13.449598,3,2,1
3.5,11.5,1134.495982,13.449598,3,2,1
4.0,11.5,1134.495982,13.449598,3,2,1
4.5,11.5,1134.495982,13.449598,3,2,1
5.0,11.5,1134.495982,13.449598,3,2,1
2.5,12.0,1134.495982,13.449598,3,2,1
3.0,12.0,1134.495982,13.449598,3,2,1
3.5,12.0,1134.495982,13.449598,3,2,1
4.0,12.0,1134.495982,13.449598,3,2,1
4.5,12.0,1134.495982,13.449598,3,2,1
5.0,12.0,1134.495982,13.449598,3,2,1
2.5,12.5,1134.495982,13.449598,3,2,1
3.0,12.5,1134.495982,13.449598,3,2,1
3.5,12.5,1134.495982,13.449598,3,2,1
4.0,12.5,1134.495982,13.449598,3,2,1
4.5,12.5,1134.495982,13.449598,3,2,1
5.0,12.5,1134.495982,13.449598,3,2,1
2.5,13.0,1134.495982,13.449598,3,2,1
3.0,13.0,1134.495982,13.449598,3,2,1
3.5,13.0,1134.495982,13.449598,3,2,1
4.0,13.0,1134.495982,13.449598,3,2,1
4.5,13.0,1134.495982,13.449598,3,2,1
5.0,13.0,1134.495982,13.449598,3,2,1
2.5,13.5,1134.495982,13.449598,3,2,1
3.0,13.5,1134.495982,13.449598,3,2,1
3.5,13.5,1134.495982,13.449598,3,2,1
4.0,13.5,1134.495982,13.449598,3,2,1
4.5,13.5,1134.495982,13.449598,3,2,1
5.0,13.5,1134.495982,13.449598,3,2,1
7.0,6.5,1134.322568,13.432257,5,3,2
9.5,9.5,1133.72182,13.372182,3,2,1
10.0,9.5,1133.72182,13.372182,3,2,1
11.5,8.5,1133.374889,13.337489,3,2,1
7.5,6.0,1132.905849,13.290585,5,3,2
13.0,4.5,1132.781473,13.278147,3,2,1
13.5,4.5,1132.781473,13.278147,3,2,1
14.0,4.5,1132.781473,13.278147,3,2,1
14.5,4.5,1132.781473,13.278147,3,2,1
15.0,4.5,1132.781473,13.278147,3,2,1
13.0,5.0,1132.781473,13.278147,3,2,1
13.5,5.0,1132.781473,13.278147,3,2,1
14.0,5.0,1132.781473,13.278147,3,2,1
14.5,5.0,1132.781473,13.278147,3,2,1
15.0,5.0,1132.781473,13.278147,3,2,1
13.0,5.5,1132.781473,13.278147,3,2,1
13.5,5.5,1132.781473,13.278147,3,2,1
14.0,5.5,1132.781473,13.278147,3,2,1
14.5,5.5,1132.781473,13.278147,3,2,1
15.0,5.5,1132.781473,13.278147,3,2,1
8.0,4.5,1132.370729,13.237073,5,3,2
8.0,5.0,1132.370729,13.237073,5,3,2
8.0,5.5,1132.370729,13.237073,5,3,2
10.5,9.0,1131.221413,13.122141,3,2,1
1.0,9.0,1130.488873,13.048887,5,3,2
1.0,6.0,1129.973162,12.997316,9,5,4
1.0,17.0,1129.552001,12.9552,3,2,1
1.0,17.5,1129.552001,12.9552,3,2,1
7.5,6.5,1129.289553,12.928955,5,3,2
2.0,6.5,1128.828624,12.882862,9,5,4
4.0,8.0,1128.442656,12.844266,5,3,2
4.5,8.0,1128.442656,12.844266,5,3,2
5.0,8.0,1128.442656,12.844266,5,3,2
13.0,6.0,1128.310448,12.831045,3,2,1
13.5,6.0,1128.310448,12.831045,3,2,1
14.0,6.0,1128.310448,12.831045,3,2,1
14.5,6.0,1128.310448,12.831045,3,2,1
15.0,6.0,1128.310448,12.831045,3,2,1
12.0,8.0,1128.24005,12.824005,3,2,1
12.5,8.0,1128.24005,12.824005,3,2,1
1.5,14.5,1128.145545,12.814555,3,2,1
2.0,14.5,1128.145545,12.814555,3,2,1
1.5,15.0,1128.145545,12.814555,3,2,1
2.0,15.0,1128.145545,12.814555,3,2,1
1.5,15.5,1128.145545,12.814555,3,2,1
2.0,15.5,1128.145545,12.814555,3,2,1
1.5,16.0,1128.145545,12.814555,3,2,1
2.0,16.0,1128.145545,12.814555,3,2,1
1.5,16.5,1128.145545,12.814555,3,2,1
2.0,16.5,1128.145545,12.814555,3,2,1
15.5,4.5,1128.077497,12.80775,3,2,1
15.5,5.0,1128.077497,12.80775,3,2,1
15.5,5.5,1128.077497,12.80775,3,2,1
8.0,6.0,1127.901326,12.790133,5,3,2
10.5,9.5,1127.228318,12.722832,3,2,1
1.5,8.5,1126.74431,12.674431,5,3,2
1.0,9.5,1126.498363,12.649836,5,3,2
11.0,9.0,1126.481097,12.64811,3,2,1
11.5,9.0,1125.302219,12.530222,3,2,1
2.5,14.0,1124.877031,12.487703,3,2,1
3.0,14.0,1124.877031,12.487703,3,2,1
3.5,14.0,1124.877031,12.487703,3,2,1
4.0,14.0,1124.877031,12.487703,3,2,1
4.5,14.0,1124.877031,12.487703,3,2,1
5.0,14.0,1124.877031,12.487703,3,2,1
13.0,6.5,1124.708821,12.470882,3,2,1
13.5,6.5,1124.708821,12.470882,3,2,1
14.0,6.5,1124.708821,12.470882,3,2,1
14.5,6.5,1124.708821,12.470882,3,2,1
15.0,6.5,1124.708821,12.470882,3,2,1
8.0,6.5,1124.301004,12.4301,5,3,2
15.5,6.0,1123.625038,12.362504,3,2,1
9.5,10.0,1123.616634,12.361663,3,2,1
10.0,10.0,1123.616634,12.361663,3,2,1
16.0,4.5,1123.53794,12.353794,3,2,1
16.0,5.0,1123.53794,12.353794,3,2,1
16.0,5.5,1123.53794,12.353794,3,2,1
1.0,18.0,1122.765344,12.276534,3,2,1
11.0,9.5,1122.504735,12.250473,3,2,1
12.0,8.5,1122.024156,12.202416,3,2,1
12.5,8.5,1122.024156,12.202416,3,2,1
1.0,5.0,1121.759091,12.175909,11,6,5
11.5,9.5,1121.330018,12.133002,3,2,1
2.0,8.5,1120.544325,12.054432,5,3,2
15.5,6.5,1120.038367,12.003837,3,2,1
5.5,7.0,1119.21644,11.921644,5,3,2
6.0,7.0,1119.21644,11.921644,5,3,2
6.5,7.0,1119.21644,11.921644,5,3,2
16.0,6.0,1119.103399,11.91034,3,2,1
1.5,9.0,1118.718868,11.871887,5,3,2
8.5,4.5,1118.540457,11.854046,5,3,2
8.5,5.0,1118.540457,11.854046,5,3,2
8.5,5.5,1118.540457,11.854046,5,3,2
1.0,5.5,1117.799397,11.77994,11,6,5
1.5,17.0,1117.79175,11.779175,3,2,1
2.0,17.0,1117.79175,11.779175,3,2,1
1.5,17.5,1117.79175,11.779175,3,2,1
2.0,17.5,1117.79175,11.779175,3,2,1
10.5,10.0,1117.181011,11.718101,3,2,1
1.0,18.5,1116.120111,11.612011,3,2,1
1.0,10.0,1115.913524,11.591352,5,3,2
2.5,7.0,1115.904589,11.590459,7,4,3
5.5,4.0,1115.845744,11.584574,8,4,4
16.0,6.5,1115.531161,11.553116,3,2,1
1.5,9.5,1114.769905,11.476991,5,3,2
7.0,7.0,1114.767708,11.476771,5,3,2
13.0,7.0,1114.524883,11.452488,3,2,1
13.5,7.0,1114.524883,11.452488,3,2,1
14.0,7.0,1114.524883,11.452488,3,2,1
14.5,7.0,1114.524883,11.452488,3,2,1
15.0,7.0,1114.524883,11.452488,3,2,1
16.5,4.5,1114.196901,11.41969,3,2,1
16.5,5.0,1114.196901,11.41969,3,2,1
16.5,5.5,1114.196901,11.41969,3,2,1
8.5,6.0,1114.125641,11.412564,5,3,2
12.0,9.0,1114.032334,11.403233,3,2,1
12.5,9.0,1114.032334,11.403233,3,2,1
17.0,4.5,1112.96312,11.296312,3,2,1
17.0,5.0,1112.96312,11.296312,3,2,1
17.0,5.5,1112.96312,11.296312,3,2,1
4.0,5.0,1112.905838,11.290584,7,4,3
4.5,5.0,1112.905838,11.290584,7,4,3
4.0,5.5,1112.905838,11.290584,7,4,3
4.5,5.5,1112.905838,11.290584,7,4,3
2.0,9.0,1112.563043,11.256304,5,3,2
11.0,10.0,1112.49953,11.249953,3,2,1
6.0,4.0,1112.465819,11.246582,8,4,4
13.0,7.5,1111.916785,11.191679,3,2,1
13.5,7.5,1111.916785,11.191679,3,2,1
14.0,7.5,1111.916785,11.191679,3,2,1
14.5,7.5,1111.916785,11.191679,3,2,1
15.0,7.5,1111.916785,11.191679,3,2,1
5.5,7.5,1111.447236,11.144724,5,3,2
6.0,7.5,1111.447236,11.144724,5,3,2
6.5,7.5,1111.447236,11.144724,5,3,2
11.5,10.0,1111.335284,11.133528,3,2,1
1.5,18.0,1111.075752,11.107575,3,2,1
2.0,18.0,1111.075752,11.107575,3,2,1
8.5,6.5,1110.569292,11.056929,5,3,2
5.0,5.0,1110.348115,11.034812,7,4,3
5.0,5.5,1110.348115,11.034812,7,4,3
12.0,9.5,1110.099914,11.009991,3,2,1
12.5,9.5,1110.099914,11.009991,3,2,1
15.5,7.0,1109.896719,10.989672,3,2,1
7.5,7.0,1109.821459,10.982146,5,3,2
16.5,6.0,1109.799228,10.979923,3,2,1
17.5,4.5,1108.788795,10.878879,3,2,1
17.5,5.0,1108.788795,10.878879,3,2,1
17.5,5.5,1108.788795,10.878879,3,2,1
2.0,9.5,1108.63581,10.863581,5,3,2
17.0,6.0,1108.570317,10.857032,3,2,1
2.5,7.5,1108.158375,10.815837,7,4,3
15.5,7.5,1107.299452,10.729945,3,2,1
7.0,7.5,1107.029387,10.702939,5,3,2
5.5,10.5,1106.473637,10.647364,3,2,1
6.0,10.5,1106.473637,10.647364,3,2,1
6.5,10.5,1106.473637,10.647364,3,2,1
7.0,10.5,1106.473637,10.647364,3,2,1
7.5,10.5,1106.473637,10.647364,3,2,1
8.0,10.5,1106.473637,10.647364,3,2,1
5.5,11.0,1106.473637,10.647364,3,2,1
6.0,11.0,1106.473637,10.647364,3,2,1
6.5,11.0,1106.473637,10.647364,3,2,1
7.0,11.0,1106.473637,10.647364,3,2,1
7.5,11.0,1106.473637,10.647364,3,2,1
8.0,11.0,1106.473637,10.647364,3,2,1
5.5,11.5,1106.473637,10.647364,3,2,1
6.0,11.5,1106.473637,10.647364,3,2,1
6.5,11.5,1106.473637,10.647364,3,2,1
7.0,11.5,1106.473637,10.647364,3,2,1
7.5,11.5,1106.473637,10.647364,3,2,1
8.0,11.5,1106.473637,10.647364,3,2,1
5.5,12.0,1106.473637,10.647364,3,2,1
6.0,12.0,1106.473637,10.647364,3,2,1
6.5,12.0,1106.473637,10.647364,3,2,1
7.0,12.0,1106.473637,10.647364,3,2,1
7.5,12.0,1106.473637,10.647364,3,2,1
8.0,12.0,1106.473637,10.647364,3,2,1
5.5,12.5,1106.473637,10.647364,3,2,1
6.0,12.5,1106.473637,10.647364,3,2,1
6.5,12.5,1106.473637,10.647364,3,2,1
7.0,12.5,1106.473637,10.647364,3,2,1
7.5,12.5,1106.473637,10.647364,3,2,1
8.0,12.5,1106.473637,10.647364,3,2,1
5.5,13.0,1106.473637,10.647364,3,2,1
6.0,13.0,1106.473637,10.647364,3,2,1
6.5,13.0,1106.473637,10.647364,3,2,1
7.0,13.0,1106.473637,10.647364,3,2,1
7.5,13.0,1106.473637,10.647364,3,2,1
8.0,13.0,1106.473637,10.647364,3,2,1
5.5,13.5,1106.473637,10.647364,3,2,1
6.0,13.5,1106.473637,10.647364,3,2,1
6.5,13.5,1106.473637,10.647364,3,2,1
7.0,13.5,1106.473637,10.647364,3,2,1
7.5,13.5,1106.473637,10.647364,3,2,1
8.0,13.5,1106.473637,10.647364,3,2,1
16.5,6.5,1106.25669,10.625669,3,2,1
16.0,7.0,1105.430325,10.543032,3,2,1
17.0,6.5,1105.031702,10.50317,3,2,1
8.0,7.0,1104.918909,10.491891,5,3,2
13.0,8.0,1104.589304,10.45893,3,2,1
13.5,8.0,1104.589304,10.45893,3,2,1
14.0,8.0,1104.589304,10.45893,3,2,1
14.5,8.0,1104.589304,10.45893,3,2,1
15.0,8.0,1104.589304,10.45893,3,2,1
6.5,4.0,1104.579364,10.457936,8,4,4
1.5,18.5,1104.499705,10.449971,3,2,1
2.0,18.5,1104.499705,10.449971,3,2,1
9.0,4.5,1104.469943,10.446994,5,3,2
9.0,5.0,1104.469943,10.446994,5,3,2
9.0,5.5,1104.469943,10.446994,5,3,2
17.5,6.0,1104.412468,10.441247,3,2,1
18.0,4.5,1104.281483,10.428148,3,2,1
18.0,5.0,1104.281483,10.428148,3,2,1
18.0,5.5,1104.281483,10.428148,3,2,1
4.0,6.0,1103.400421,10.340042,7,4,3
4.5,6.0,1103.400421,10.340042,7,4,3
16.0,7.5,1102.843509,10.284351,3,2,1
7.5,7.5,1102.117472,10.211747,5,3,2
2.5,5.0,1102.114631,10.211463,9,5,4
2.5,5.5,1102.114631,10.211463,9,5,4
17.5,6.5,1100.887124,10.088712,3,2,1
5.0,6.0,1100.864544,10.086454,7,4,3
1.0,19.0,1100.850132,10.085013,3,2,1
1.0,19.5,1100.850132,10.085013,3,2,1
18.5,4.0,1100.581916,10.058192,4,2,2
5.5,8.0,1100.56983,10.056983,5,3,2
6.0,8.0,1100.56983,10.056983,5,3,2
6.5,8.0,1100.56983,10.056983,5,3,2
12.0,10.0,1100.205278,10.020528,3,2,1
12.5,10.0,1100.205278,10.020528,3,2,1
9.0,6.0,1100.110663,10.011066,5,3,2
15.5,8.0,1100.002398,10.00024,3,2,1
18.0,6.0,1099.922947,9.992295,3,2,1
3.0,7.0,1099.457195,9.945719,7,4,3
1.5,10.0,1099.161945,9.916195,5,3,2
13.0,8.5,1098.503711,9.850371,3,2,1
13.5,8.5,1098.503711,9.850371,3,2,1
14.0,8.5,1098.503711,9.850371,3,2,1
14.5,8.5,1098.503711,9.850371,3,2,1
15.0,8.5,1098.503711,9.850371,3,2,1
18.5,4.5,1098.48852,9.848852,3,2,1
18.5,5.0,1098.48852,9.848852,3,2,1
18.5,5.5,1098.48852,9.848852,3,2,1
3.5,7.0,1097.630648,9.763065,7,4,3
7.0,4.0,1097.359953,9.735995,8,4,4
8.0,7.5,1097.248954,9.724895,5,3,2
5.5,14.0,1097.092277,9.709228,3,2,1
6.0,14.0,1097.092277,9.709228,3,2,1
6.5,14.0,1097.092277,9.709228,3,2,1
7.0,14.0,1097.092277,9.709228,3,2,1
7.5,14.0,1097.092277,9.709228,3,2,1
8.0,14.0,1097.092277,9.709228,3,2,1
9.0,6.5,1096.59905,9.659905,5,3,2
18.0,6.5,1096.411934,9.641193,3,2,1
4.0,6.5,1096.338947,9.633895,7,4,3
4.5,6.5,1096.338947,9.633895,7,4,3
19.0,4.0,1096.26881,9.626881,4,2,2
16.5,7.0,1096.239831,9.623983,3,2,1
7.0,8.0,1096.195217,9.619522,5,3,2
8.5,10.5,1095.960836,9.596084,3,2,1
9.0,10.5,1095.960836,9.596084,3,2,1
8.5,11.0,1095.960836,9.596084,3,2,1
9.0,11.0,1095.960836,9.596084,3,2,1
8.5,11.5,1095.960836,9.596084,3,2,1
9.0,11.5,1095.960836,9.596084,3,2,1
8.5,12.0,1095.960836,9.596084,3,2,1
9.0,12.0,1095.960836,9.596084,3,2,1
8.5,12.5,1095.960836,9.596084,3,2,1
9.0,12.5,1095.960836,9.596084,3,2,1
8.5,13.0,1095.960836,9.596084,3,2,1
9.0,13.0,1095.960836,9.596084,3,2,1
8.5,13.5,1095.960836,9.596084,3,2,1
9.0,13.5,1095.960836,9.596084,3,2,1
16.0,8.0,1095.57582,9.557582,3,2,1
2.0,4.5,1095.039792,9.503979,11,6,5
17.0,7.0,1095.025935,9.502593,3,2,1
2.0,10.0,1094.199547,9.419955,5,3,2
19.0,4.5,1094.183618,9.418362,3,2,1
19.0,5.0,1094.183618,9.418362,3,2,1
19.0,5.5,1094.183618,9.418362,3,2,1
18.5,6.0,1094.152847,9.415285,3,2,1
15.5,8.5,1093.942076,9.394208,3,2,1
5.0,6.5,1093.8193,9.38193,7,4,3
16.5,7.5,1093.674522,9.367452,3,2,1
1.0,1.5,1093.357029,9.335703,57,29,28
1.5,5.0,1093.22109,9.322109,11,6,5
2.5,6.0,1092.701382,9.270138,9,5,4
19.5,4.0,1092.700219,9.270022,4,2,2
17.0,7.5,1092.463466,9.246347,3,2,1
2.5,14.5,1092.362255,9.236226,3,2,1
3.0,14.5,1092.362255,9.236226,3,2,1
3.5,14.5,1092.362255,9.236226,3,2,1
4.0,14.5,1092.362255,9.236226,3,2,1
4.5,14.5,1092.362255,9.236226,3,2,1
5.0,14.5,1092.362255,9.236226,3,2,1
2.5,15.0,1092.362255,9.236226,3,2,1
3.0,15.0,1092.362255,9.236226,3,2,1
3.5,15.0,1092.362255,9.236226,3,2,1
4.0,15.0,1092.362255,9.236226,3,2,1
4.5,15.0,1092.362255,9.236226,3,2,1
5.0,15.0,1092.362255,9.236226,3,2,1
2.5,15.5,1092.362255,9.236226,3,2,1
3.0,15.5,1092.362255,9.236226,3,2,1
3.5,15.5,1092.362255,9.236226,3,2,1
4.0,15.5,1092.362255,9.236226,3,2,1
4.5,15.5,1092.362255,9.236226,3,2,1
5.0,15.5,1092.362255,9.236226,3,2,1
2.5,16.0,1092.362255,9.236226,3,2,1
3.0,16.0,1092.362255,9.236226,3,2,1
3.5,16.0,1092.362255,9.236226,3,2,1
4.0,16.0,1092.362255,9.236226,3,2,1
4.5,16.0,1092.362255,9.236226,3,2,1
5.0,16.0,1092.362255,9.236226,3,2,1
2.5,16.5,1092.362255,9.236226,3,2,1
3.0,16.5,1092.362255,9.236226,3,2,1
3.5,16.5,1092.362255,9.236226,3,2,1
4.0,16.5,1092.362255,9.236226,3,2,1
4.5,16.5,1092.362255,9.236226,3,2,1
5.0,16.5,1092.362255,9.236226,3,2,1
2.5,8.0,1091.940615,9.194062,7,4,3
3.0,7.5,1091.825153,9.182515,7,4,3
8.5,7.0,1091.423921,9.142392,5,3,2
7.5,8.0,1091.331374,9.133137,5,3,2
17.5,7.0,1090.918885,9.091889,3,2,1
13.0,9.0,1090.679417,9.067942,3,2,1
13.5,9.0,1090.679417,9.067942,3,2,1
14.0,9.0,1090.679417,9.067942,3,2,1
14.5,9.0,1090.679417,9.067942,3,2,1
15.0,9.0,1090.679417,9.067942,3,2,1
18.5,6.5,1090.660253,9.066025,3,2,1
19.5,4.5,1090.621815,9.062181,3,2,1
19.5,5.0,1090.621815,9.062181,3,2,1
19.5,5.5,1090.621815,9.062181,3,2,1
1.0,20.0,1090.387405,9.03874,3,2,1
3.5,7.5,1090.011285,9.001129,7,4,3
19.0,6.0,1089.864936,8.986494,3,2,1
6.5,3.5,1089.550729,8.955073,8,4,4
16.0,8.5,1089.539886,8.953989,3,2,1
1.5,19.0,1089.388709,8.938871,3,2,1
2.0,19.0,1089.388709,8.938871,3,2,1
1.5,19.5,1089.388709,8.938871,3,2,1
2.0,19.5,1089.388709,8.938871,3,2,1
1.5,5.5,1089.362132,8.936213,11,6,5
17.5,7.5,1088.366028,8.836603,3,2,1
20.0,4.0,1087.743047,8.774305,4,2,2
7.5,4.0,1087.713135,8.771314,8,4,4
13.0,9.5,1086.829431,8.682943,3,2,1
13.5,9.5,1086.829431,8.682943,3,2,1
14.0,9.5,1086.829431,8.682943,3,2,1
14.5,9.5,1086.829431,8.682943,3,2,1
15.0,9.5,1086.829431,8.682943,3,2,1
8.5,14.0,1086.66861,8.666861,3,2,1
9.0,14.0,1086.66861,8.666861,3,2,1
8.0,8.0,1086.510503,8.65105,5,3,2
18.0,7.0,1086.484217,8.648422,3,2,1
16.5,8.0,1086.467257,8.646726,3,2,1
19.0,6.5,1086.386029,8.638603,3,2,1
19.5,6.0,1086.317192,8.631719,3,2,1
15.5,9.0,1086.150274,8.615027,3,2,1
2.5,6.5,1085.70838,8.570838,9,5,4
20.0,4.5,1085.674071,8.567407,3,2,1
20.0,5.0,1085.674071,8.567407,3,2,1
20.0,5.5,1085.674071,8.567407,3,2,1
18.5,3.5,1085.607669,8.560767,4,2,2
17.0,8.0,1085.264182,8.526418,3,2,1
9.5,10.5,1084.880123,8.488012,3,2,1
10.0,10.5,1084.880123,8.488012,3,2,1
9.5,11.0,1084.880123,8.488012,3,2,1
10.0,11.0,1084.880123,8.488012,3,2,1
9.5,11.5,1084.880123,8.488012,3,2,1
10.0,11.5,1084.880123,8.488012,3,2,1
9.5,12.0,1084.880123,8.488012,3,2,1
10.0,12.0,1084.880123,8.488012,3,2,1
9.5,12.5,1084.880123,8.488012,3,2,1
10.0,12.5,1084.880123,8.488012,3,2,1
9.5,13.0,1084.880123,8.488012,3,2,1
10.0,13.0,1084.880123,8.488012,3,2,1
9.5,13.5,1084.880123,8.488012,3,2,1
10.0,13.5,1084.880123,8.488012,3,2,1
2.0,3.5,1084.825014,8.482501,19,10,9
18.0,7.5,1083.941737,8.394174,3,2,1
8.5,7.5,1083.847644,8.384764,5,3,2
3.0,5.0,1083.462492,8.346249,9,5,4
3.0,5.5,1083.462492,8.346249,9,5,4
19.5,6.5,1082.849609,8.284961,3,2,1
3.0,2.5,1082.550555,8.255056,22,11,11
7.0,3.5,1082.429543,8.242954,8,4,4
9.5,4.0,1082.377389,8.237739,6,3,3
2.5,17.0,1082.336869,8.233687,3,2,1
3.0,17.0,1082.336869,8.233687,3,2,1
3.5,17.0,1082.336869,8.233687,3,2,1
4.0,17.0,1082.336869,8.233687,3,2,1
4.5,17.0,1082.336869,8.233687,3,2,1
5.0,17.0,1082.336869,8.233687,3,2,1
2.5,17.5,1082.336869,8.233687,3,2,1
3.0,17.5,1082.336869,8.233687,3,2,1
3.5,17.5,1082.336869,8.233687,3,2,1
4.0,17.5,1082.336869,8.233687,3,2,1
4.5,17.5,1082.336869,8.233687,3,2,1
5.0,17.5,1082.336869,8.233687,3,2,1
15.5,9.5,1082.316275,8.231628,3,2,1
16.0,9.0,1081.779439,8.177944,3,2,1
20.0,6.0,1081.388976,8.138898,3,2,1
19.0,3.5,1081.353246,8.135325,4,2,2
17.5,8.0,1081.193745,8.119375,3,2,1
2.0,4.0,1081.062499,8.10625,17,9,8
18.5,7.0,1080.784616,8.078462,3,2,1
16.5,8.5,1080.481505,8.04815,3,2,1
1.0,4.5,1079.673192,7.967319,13,7,6
17.0,8.5,1079.285058,7.928506,3,2,1
1.5,20.0,1079.034914,7.903491,3,2,1
2.0,20.0,1079.034914,7.903491,3,2,1
10.5,10.5,1078.666366,7.866637,3,2,1
10.5,11.0,1078.666366,7.866637,3,2,1
10.5,11.5,1078.666366,7.866637,3,2,1
10.5,12.0,1078.666366,7.866637,3,2,1
10.5,12.5,1078.666366,7.866637,3,2,1
10.5,13.0,1078.666366,7.866637,3,2,1
10.5,13.5,1078.666366,7.866637,3,2,1
18.5,7.5,1078.255474,7.825547,3,2,1
16.0,9.5,1077.960869,7.796087,3,2,1
20.0,6.5,1077.937125,7.793712,3,2,1
19.5,3.5,1077.833209,7.783321,4,2,2
2.5,8.5,1077.740534,7.774053,5,3,2
9.0,7.0,1077.694516,7.769452,5,3,2
10.0,4.0,1077.188796,7.71888,6,3,3
13.0,10.0,1077.142211,7.714221,3,2,1
13.5,10.0,1077.142211,7.714221,3,2,1
14.0,10.0,1077.142211,7.714221,3,2,1
14.5,10.0,1077.142211,7.714221,3,2,1
15.0,10.0,1077.142211,7.714221,3,2,1
18.0,8.0,1076.79861,7.679861,3,2,1
19.0,7.0,1076.549094,7.654909,3,2,1
8.0,4.0,1076.249892,7.624989,8,4,4
3.0,8.0,1075.846428,7.584643,7,4,3
2.5,18.0,1075.833893,7.583389,3,2,1
3.0,18.0,1075.833893,7.583389,3,2,1
3.5,18.0,1075.833893,7.583389,3,2,1
4.0,18.0,1075.833893,7.583389,3,2,1
4.5,18.0,1075.833893,7.583389,3,2,1
5.0,18.0,1075.833893,7.583389,3,2,1
9.5,14.0,1075.681846,7.568185,3,2,1
10.0,14.0,1075.681846,7.568185,3,2,1
3.0,2.0,1075.55579,7.555579,24,12,12
17.5,8.5,1075.237047,7.523705,3,2,1
1.0,2.0,1074.662259,7.466226,43,22,21
2.0,2.5,1074.588122,7.458812,29,15,14
3.0,6.0,1074.208553,7.420855,9,5,4
11.0,10.5,1074.146279,7.414628,3,2,1
11.0,11.0,1074.146279,7.414628,3,2,1
11.0,11.5,1074.146279,7.414628,3,2,1
11.0,12.0,1074.146279,7.414628,3,2,1
11.0,12.5,1074.146279,7.414628,3,2,1
11.0,13.0,1074.146279,7.414628,3,2,1
11.0,13.5,1074.146279,7.414628,3,2,1
3.5,8.0,1074.059106,7.405911,7,4,3
19.0,7.5,1074.029863,7.402986,3,2,1
8.5,8.0,1073.240346,7.324035,5,3,2
19.5,7.0,1073.044695,7.30447,3,2,1
11.5,10.5,1073.02217,7.302217,3,2,1
11.5,11.0,1073.02217,7.302217,3,2,1
11.5,11.5,1073.02217,7.302217,3,2,1
11.5,12.0,1073.02217,7.302217,3,2,1
11.5,12.5,1073.02217,7.302217,3,2,1
11.5,13.0,1073.02217,7.302217,3,2,1
11.5,13.5,1073.02217,7.302217,3,2,1
20.0,3.5,1072.943482,7.294348,4,2,2
7.5,3.5,1072.913978,7.291398,8,4,4
16.5,9.0,1072.785578,7.278558,3,2,1
15.5,10.0,1072.669282,7.266928,3,2,1
1.0,4.0,1072.609713,7.260971,19,10,9
3.0,8.5,1071.881997,7.1882,5,3,2
17.0,9.0,1071.597653,7.159765,3,2,1
18.5,8.0,1071.149819,7.114982,3,2,1
18.0,8.5,1070.866126,7.086613,3,2,1
3.0,4.0,1070.543387,7.054339,15,8,7
19.5,7.5,1070.533665,7.053366,3,2,1
9.0,7.5,1070.213543,7.021354,5,3,2
3.5,8.5,1070.101261,7.010126,5,3,2
2.5,9.0,1070.06413,7.006413,5,3,2
10.5,14.0,1069.520773,6.952077,3,2,1
2.5,18.5,1069.46643,6.946643,3,2,1
3.0,18.5,1069.46643,6.946643,3,2,1
3.5,18.5,1069.46643,6.946643,3,2,1
4.0,18.5,1069.46643,6.946643,3,2,1
4.5,18.5,1069.46643,6.946643,3,2,1
5.0,18.5,1069.46643,6.946643,3,2,1
2.0,2.0,1069.255506,6.925551,33,17,16
16.5,9.5,1068.998755,6.899876,3,2,1
5.5,3.5,1068.951326,6.895133,10,5,5
16.0,10.0,1068.352697,6.83527,3,2,1
20.0,7.0,1068.176692,6.817669,3,2,1
5.5,2.0,1067.816062,6.781606,12,6,6
17.0,9.5,1067.815023,6.781502,3,2,1
9.5,3.5,1067.650828,6.765083,6,3,3
17.5,9.0,1067.578475,6.757847,3,2,1
3.0,6.5,1067.333899,6.73339,9,5,4
19.0,8.0,1066.952055,6.695205,3,2,1
3.0,1.5,1066.476526,6.647653,30,15,15
2.5,9.5,1066.286914,6.628691,5,3,2
20.0,7.5,1065.677054,6.567705,3,2,1
10.5,4.0,1065.577983,6.557798,6,3,3
5.5,14.5,1065.380625,6.538062,3,2,1
6.0,14.5,1065.380625,6.538062,3,2,1
6.5,14.5,1065.380625,6.538062,3,2,1
7.0,14.5,1065.380625,6.538062,3,2,1
7.5,14.5,1065.380625,6.538062,3,2,1
8.0,14.5,1065.380625,6.538062,3,2,1
5.5,15.0,1065.380625,6.538062,3,2,1
6.0,15.0,1065.380625,6.538062,3,2,1
6.5,15.0,1065.380625,6.538062,3,2,1
7.0,15.0,1065.380625,6.538062,3,2,1
7.5,15.0,1065.380625,6.538062,3,2,1
8.0,15.0,1065.380625,6.538062,3,2,1
5.5,15.5,1065.380625,6.538062,3,2,1
6.0,15.5,1065.380625,6.538062,3,2,1
6.5,15.5,1065.380625,6.538062,3,2,1
7.0,15.5,1065.380625,6.538062,3,2,1
7.5,15.5,1065.380625,6.538062,3,2,1
8.0,15.5,1065.380625,6.538062,3,2,1
5.5,16.0,1065.380625,6.538062,3,2,1
6.0,16.0,1065.380625,6.538062,3,2,1
6.5,16.0,1065.380625,6.538062,3,2,1
7.0,16.0,1065.380625,6.538062,3,2,1
7.5,16.0,1065.380625,6.538062,3,2,1
8.0,16.0,1065.380625,6.538062,3,2,1
5.5,16.5,1065.380625,6.538062,3,2,1
6.0,16.5,1065.380625,6.538062,3,2,1
6.5,16.5,1065.380625,6.538062,3,2,1
7.0,16.5,1065.380625,6.538062,3,2,1
7.5,16.5,1065.380625,6.538062,3,2,1
8.0,16.5,1065.380625,6.538062,3,2,1
18.5,8.5,1065.248456,6.524846,3,2,1
11.0,14.0,1065.03901,6.503901,3,2,1
3.5,5.0,1064.482861,6.448286,9,5,4
3.5,5.5,1064.482861,6.448286,9,5,4
3.0,9.0,1064.247322,6.424732,5,3,2
11.5,14.0,1063.924432,6.392443,3,2,1
17.5,9.5,1063.810032,6.381003,3,2,1
6.5,2.0,1063.729108,6.372911,10,5,5
4.5,4.0,1063.621198,6.36212,12,6,6
4.0,4.5,1063.522617,6.352262,9,5,4
4.5,4.5,1063.522617,6.352262,9,5,4
19.5,8.0,1063.478897,6.34789,3,2,1
18.0,9.0,1063.238686,6.323869,3,2,1
10.0,3.5,1062.53283,6.253283,6,3,3
3.5,9.0,1062.47927,6.247927,5,3,2
12.0,10.5,1062.275869,6.227587,3,2,1
12.5,10.5,1062.275869,6.227587,3,2,1
12.0,11.0,1062.275869,6.227587,3,2,1
12.5,11.0,1062.275869,6.227587,3,2,1
12.0,11.5,1062.275869,6.227587,3,2,1
12.5,11.5,1062.275869,6.227587,3,2,1
12.0,12.0,1062.275869,6.227587,3,2,1
12.5,12.0,1062.275869,6.227587,3,2,1
12.0,12.5,1062.275869,6.227587,3,2,1
12.5,12.5,1062.275869,6.227587,3,2,1
12.0,13.0,1062.275869,6.227587,3,2,1
12.5,13.0,1062.275869,6.227587,3,2,1
12.0,13.5,1062.275869,6.227587,3,2,1
12.5,13.5,1062.275869,6.227587,3,2,1
8.0,3.5,1061.606701,6.16067,8,4,4
3.0,3.5,1061.165698,6.11657,17,9,8
19.0,8.5,1061.07382,6.107382,3,2,1
3.0,9.5,1060.490638,6.049064,5,3,2
9.0,8.0,1059.739679,5.973968,5,3,2
8.5,4.0,1059.622744,5.962274,8,4,4
18.0,9.5,1059.485563,5.948556,3,2,1
16.5,10.0,1059.470465,5.947046,3,2,1
3.5,9.5,1058.728827,5.872883,5,3,2
20.0,8.0,1058.65429,5.865429,3,2,1
17.0,10.0,1058.297284,5.829728,3,2,1
6.0,3.5,1057.791628,5.779163,10,5,5
18.5,9.0,1057.66103,5.766103,3,2,1
19.5,8.5,1057.619796,5.76198,3,2,1
11.5,2.5,1056.209609,5.620961,6,3,3
5.5,17.0,1055.602868,5.560287,3,2,1
6.0,17.0,1055.602868,5.560287,3,2,1
6.5,17.0,1055.602868,5.560287,3,2,1
7.0,17.0,1055.602868,5.560287,3,2,1
7.5,17.0,1055.602868,5.560287,3,2,1
8.0,17.0,1055.602868,5.560287,3,2,1
5.5,17.5,1055.602868,5.560287,3,2,1
6.0,17.5,1055.602868,5.560287,3,2,1
6.5,17.5,1055.602868,5.560287,3,2,1
7.0,17.5,1055.602868,5.560287,3,2,1
7.5,17.5,1055.602868,5.560287,3,2,1
8.0,17.5,1055.602868,5.560287,3,2,1
2.5,10.0,1055.561422,5.556142,5,3,2
3.5,6.0,1055.391029,5.539103,9,5,4
11.0,4.0,1055.31373,5.531373,6,3,3
8.5,14.5,1055.258255,5.525826,3,2,1
9.0,14.5,1055.258255,5.525826,3,2,1
8.5,15.0,1055.258255,5.525826,3,2,1
9.0,15.0,1055.258255,5.525826,3,2,1
8.5,15.5,1055.258255,5.525826,3,2,1
9.0,15.5,1055.258255,5.525826,3,2,1
8.5,16.0,1055.258255,5.525826,3,2,1
9.0,16.0,1055.258255,5.525826,3,2,1
8.5,16.5,1055.258255,5.525826,3,2,1
9.0,16.5,1055.258255,5.525826,3,2,1
2.5,19.0,1054.834735,5.483473,3,2,1
3.0,19.0,1054.834735,5.483473,3,2,1
3.5,19.0,1054.834735,5.483473,3,2,1
4.0,19.0,1054.834735,5.483473,3,2,1
4.5,19.0,1054.834735,5.483473,3,2,1
5.0,19.0,1054.834735,5.483473,3,2,1
2.5,19.5,1054.834735,5.483473,3,2,1
3.0,19.5,1054.834735,5.483473,3,2,1
3.5,19.5,1054.834735,5.483473,3,2,1
4.0,19.5,1054.834735,5.483473,3,2,1
4.5,19.5,1054.834735,5.483473,3,2,1
5.0,19.5,1054.834735,5.483473,3,2,1
17.5,10.0,1054.327991,5.432799,3,2,1
18.5,9.5,1053.927595,5.39276,3,2,1
5.5,2.5,1053.887089,5.388709,12,6,6
7.0,2.0,1053.520187,5.352019,10,5,5
19.0,9.0,1053.516127,5.351613,3,2,1
6.0,2.0,1053.381006,5.338101,12,6,6
12.0,14.0,1053.269244,5.326924,3,2,1
12.5,14.0,1053.269244,5.326924,3,2,1
2.5,4.5,1053.210251,5.321025,11,6,5
20.0,8.5,1052.82177,5.282177,3,2,1
6.5,2.5,1052.411329,5.241133,10,5,5
1.5,4.5,1052.205874,5.220587,13,7,6
10.5,3.5,1051.079991,5.107999,6,3,3
11.5,4.0,1051.066257,5.106626,6,3,3
19.5,9.0,1050.086706,5.008671,3,2,1
18.0,10.0,1050.042067,5.004207,3,2,1
19.0,9.5,1049.797324,4.979732,3,2,1
3.0,3.0,1049.347701,4.93477,20,10,10
5.5,18.0,1049.260517,4.926052,3,2,1
6.0,18.0,1049.260517,4.926052,3,2,1
6.5,18.0,1049.260517,4.926052,3,2,1
7.0,18.0,1049.260517,4.926052,3,2,1
7.5,18.0,1049.260517,4.926052,3,2,1
8.0,18.0,1049.260517,4.926052,3,2,1
2.0,3.0,1048.736083,4.873608,25,13,12
3.5,6.5,1048.636803,4.86368,9,5,4
19.5,9.5,1046.380008,4.638001,3,2,1
8.5,17.0,1045.573398,4.55734,3,2,1
9.0,17.0,1045.573398,4.55734,3,2,1
8.5,17.5,1045.573398,4.55734,3,2,1
9.0,17.5,1045.573398,4.55734,3,2,1
20.0,9.0,1045.322855,4.532285,3,2,1
8.5,3.5,1045.205777,4.520578,8,4,4
2.5,20.0,1044.809348,4.480935,3,2,1
3.0,20.0,1044.809348,4.480935,3,2,1
3.5,20.0,1044.809348,4.480935,3,2,1
4.0,20.0,1044.809348,4.480935,3,2,1
4.5,20.0,1044.809348,4.480935,3,2,1
5.0,20.0,1044.809348,4.480935,3,2,1
9.5,14.5,1044.589066,4.458907,3,2,1
10.0,14.5,1044.589066,4.458907,3,2,1
9.5,15.0,1044.589066,4.458907,3,2,1
10.0,15.0,1044.589066,4.458907,3,2,1
9.5,15.5,1044.589066,4.458907,3,2,1
10.0,15.5,1044.589066,4.458907,3,2,1
9.5,16.0,1044.589066,4.458907,3,2,1
10.0,16.0,1044.589066,4.458907,3,2,1
9.5,16.5,1044.589066,4.458907,3,2,1
10.0,16.5,1044.589066,4.458907,3,2,1
18.5,10.0,1044.533638,4.453364,3,2,1
1.0,3.5,1044.152215,4.415221,25,13,12
3.5,4.0,1043.566845,4.356685,15,8,7
5.5,18.5,1043.050332,4.305033,3,2,1
6.0,18.5,1043.050332,4.305033,3,2,1
6.5,18.5,1043.050332,4.305033,3,2,1
7.0,18.5,1043.050332,4.305033,3,2,1
7.5,18.5,1043.050332,4.305033,3,2,1
8.0,18.5,1043.050332,4.305033,3,2,1
1.5,4.0,1042.526922,4.252692,19,10,9
7.0,2.5,1042.311028,4.231103,10,5,5
2.0,1.5,1042.271913,4.227191,43,22,21
13.0,1.5,1041.912114,4.191211,6,3,3
9.0,4.0,1041.780189,4.178019,8,4,4
20.0,9.5,1041.632973,4.163297,3,2,1
11.0,3.5,1040.95539,4.095539,6,3,3
12.0,2.5,1040.497116,4.049712,6,3,3
19.0,10.0,1040.440181,4.044018,3,2,1
4.0,4.0,1040.020979,4.002098,13,7,6
13.0,10.5,1040.007898,4.00079,3,2,1
13.5,10.5,1040.007898,4.00079,3,2,1
14.0,10.5,1040.007898,4.00079,3,2,1
14.5,10.5,1040.007898,4.00079,3,2,1
15.0,10.5,1040.007898,4.00079,3,2,1
13.0,11.0,1040.007898,4.00079,3,2,1
13.5,11.0,1040.007898,4.00079,3,2,1
14.0,11.0,1040.007898,4.00079,3,2,1
14.5,11.0,1040.007898,4.00079,3,2,1
15.0,11.0,1040.007898,4.00079,3,2,1
13.0,11.5,1040.007898,4.00079,3,2,1
13.5,11.5,1040.007898,4.00079,3,2,1
14.0,11.5,1040.007898,4.00079,3,2,1
14.5,11.5,1040.007898,4.00079,3,2,1
15.0,11.5,1040.007898,4.00079,3,2,1
13.0,12.0,1040.007898,4.00079,3,2,1
13.5,12.0,1040.007898,4.00079,3,2,1
14.0,12.0,1040.007898,4.00079,3,2,1
14.5,12.0,1040.007898,4.00079,3,2,1
15.0,12.0,1040.007898,4.00079,3,2,1
13.0,12.5,1040.007898,4.00079,3,2,1
13.5,12.5,1040.007898,4.00079,3,2,1
14.0,12.5,1040.007898,4.00079,3,2,1
14.5,12.5,1040.007898,4.00079,3,2,1
15.0,12.5,1040.007898,4.00079,3,2,1
13.0,13.0,1040.007898,4.00079,3,2,1
13.5,13.0,1040.007898,4.00079,3,2,1
14.0,13.0,1040.007898,4.00079,3,2,1
14.5,13.0,1040.007898,4.00079,3,2,1
15.0,13.0,1040.007898,4.00079,3,2,1
13.0,13.5,1040.007898,4.00079,3,2,1
13.5,13.5,1040.007898,4.00079,3,2,1
14.0,13.5,1040.007898,4.00079,3,2,1
14.5,13.5,1040.007898,4.00079,3,2,1
15.0,13.5,1040.007898,4.00079,3,2,1
6.0,2.5,1039.640329,3.964033,12,6,6
13.0,1.0,1039.604768,3.960477,6,3,3
7.5,2.0,1039.299866,3.929987,10,5,5
8.5,18.0,1039.291308,3.929131,3,2,1
9.0,18.0,1039.291308,3.929131,3,2,1
10.5,14.5,1038.60608,3.860608,3,2,1
10.5,15.0,1038.60608,3.860608,3,2,1
10.5,15.5,1038.60608,3.860608,3,2,1
10.5,16.0,1038.60608,3.860608,3,2,1
10.5,16.5,1038.60608,3.860608,3,2,1
3.5,2.5,1037.225847,3.722585,22,11,11
19.5,10.0,1037.053325,3.705332,3,2,1
11.5,3.0,1036.765708,3.676571,6,3,3
11.5,3.5,1036.765708,3.676571,6,3,3
15.5,10.5,1035.689172,3.568917,3,2,1
15.5,11.0,1035.689172,3.568917,3,2,1
15.5,11.5,1035.689172,3.568917,3,2,1
15.5,12.0,1035.689172,3.568917,3,2,1
15.5,12.5,1035.689172,3.568917,3,2,1
15.5,13.0,1035.689172,3.568917,3,2,1
15.5,13.5,1035.689172,3.568917,3,2,1
12.0,4.0,1035.430277,3.543028,6,3,3
3.0,4.5,1035.385767,3.538577,11,6,5
12.5,2.5,1035.201981,3.520198,6,3,3
9.5,17.0,1035.002128,3.500213,3,2,1
10.0,17.0,1035.002128,3.500213,3,2,1
9.5,17.5,1035.002128,3.500213,3,2,1
10.0,17.5,1035.002128,3.500213,3,2,1
11.0,14.5,1034.253863,3.425386,3,2,1
11.0,15.0,1034.253863,3.425386,3,2,1
11.0,15.5,1034.253863,3.425386,3,2,1
11.0,16.0,1034.253863,3.425386,3,2,1
11.0,16.5,1034.253863,3.425386,3,2,1
13.5,1.5,1033.941009,3.394101,6,3,3
11.5,14.5,1033.171502,3.31715,3,2,1
11.5,15.0,1033.171502,3.31715,3,2,1
11.5,15.5,1033.171502,3.31715,3,2,1
11.5,16.0,1033.171502,3.31715,3,2,1
11.5,16.5,1033.171502,3.31715,3,2,1
8.5,18.5,1033.140127,3.314013,3,2,1
9.0,18.5,1033.140127,3.314013,3,2,1
20.0,10.0,1032.348601,3.23486,3,2,1
5.0,4.5,1032.197693,3.219769,9,5,4
2.5,3.5,1032.118987,3.211899,19,10,9
2.5,4.0,1031.852517,3.185252,17,9,8
13.5,1.0,1031.651316,3.165132,6,3,3
16.0,10.5,1031.521401,3.15214,3,2,1
16.0,11.0,1031.521401,3.15214,3,2,1
16.0,11.5,1031.521401,3.15214,3,2,1
16.0,12.0,1031.521401,3.15214,3,2,1
16.0,12.5,1031.521401,3.15214,3,2,1
16.0,13.0,1031.521401,3.15214,3,2,1
16.0,13.5,1031.521401,3.15214,3,2,1
13.0,14.0,1031.190075,3.119007,3,2,1
13.5,14.0,1031.190075,3.119007,3,2,1
14.0,14.0,1031.190075,3.119007,3,2,1
14.5,14.0,1031.190075,3.119007,3,2,1
15.0,14.0,1031.190075,3.119007,3,2,1
4.5,3.5,1031.103636,3.110364,14,7,7
1.0,2.5,1030.939376,3.093938,39,20,19
14.0,1.5,1030.724502,3.07245,6,3,3
3.5,3.5,1030.27292,3.027292,17,9,8
12.5,4.0,1030.160928,3.016093,6,3,3
6.5,3.0,1030.078691,3.007869,10,5,5
10.5,17.0,1029.074052,2.907405,3,2,1
10.5,17.5,1029.074052,2.907405,3,2,1
9.5,18.0,1028.783552,2.878355,3,2,1
10.0,18.0,1028.783552,2.878355,3,2,1
5.5,19.0,1028.780043,2.878004,3,2,1
6.0,19.0,1028.780043,2.878004,3,2,1
6.5,19.0,1028.780043,2.878004,3,2,1
7.0,19.0,1028.780043,2.878004,3,2,1
7.5,19.0,1028.780043,2.878004,3,2,1
8.0,19.0,1028.780043,2.878004,3,2,1
5.5,19.5,1028.780043,2.878004,3,2,1
6.0,19.5,1028.780043,2.878004,3,2,1
6.5,19.5,1028.780043,2.878004,3,2,1
7.0,19.5,1028.780043,2.878004,3,2,1
7.5,19.5,1028.780043,2.878004,3,2,1
8.0,19.5,1028.780043,2.878004,3,2,1
14.0,1.0,1028.441931,2.844193,6,3,3
14.5,1.5,1028.248034,2.824803,6,3,3
7.5,2.5,1028.242007,2.824201,10,5,5
1.5,3.5,1027.990625,2.799062,23,12,11
18.5,1.5,1027.727098,2.77271,4,2,2
5.0,4.0,1027.672862,2.767286,12,6,6
9.0,3.5,1027.605984,2.760598,8,4,4
3.5,2.0,1027.318064,2.731806,24,12,12
15.5,14.0,1026.907966,2.690797,3,2,1
14.5,1.0,1025.970948,2.597095,6,3,3
11.0,17.0,1024.761779,2.476178,3,2,1
11.0,17.5,1024.761779,2.476178,3,2,1
15.0,1.5,1024.146978,2.414698,6,3,3
8.0,2.0,1023.789008,2.378901,10,5,5
19.0,1.5,1023.699505,2.36995,4,2,2
11.5,17.0,1023.689351,2.368935,3,2,1
11.5,17.5,1023.689351,2.368935,3,2,1
18.5,2.0,1023.520481,2.352048,4,2,2
16.5,10.5,1022.945382,2.294538,3,2,1
16.5,11.0,1022.945382,2.294538,3,2,1
16.5,11.5,1022.945382,2.294538,3,2,1
16.5,12.0,1022.945382,2.294538,3,2,1
16.5,12.5,1022.945382,2.294538,3,2,1
16.5,13.0,1022.945382,2.294538,3,2,1
16.5,13.5,1022.945382,2.294538,3,2,1
10.5,18.0,1022.891094,2.289109,3,2,1
5.5,3.0,1022.890722,2.289072,12,6,6
12.0,14.5,1022.824305,2.28243,3,2,1
12.5,14.5,1022.824305,2.28243,3,2,1
12.0,15.0,1022.824305,2.28243,3,2,1
12.5,15.0,1022.824305,2.28243,3,2,1
12.0,15.5,1022.824305,2.28243,3,2,1
12.5,15.5,1022.824305,2.28243,3,2,1
12.0,16.0,1022.824305,2.28243,3,2,1
12.5,16.0,1022.824305,2.28243,3,2,1
12.0,16.5,1022.824305,2.28243,3,2,1
12.5,16.5,1022.824305,2.28243,3,2,1
16.0,14.0,1022.775531,2.277553,3,2,1
9.5,18.5,1022.694563,2.269456,3,2,1
10.0,18.5,1022.694563,2.269456,3,2,1
15.0,1.0,1021.878974,2.187897,6,3,3
17.0,10.5,1021.812647,2.181265,3,2,1
17.0,11.0,1021.812647,2.181265,3,2,1
17.0,11.5,1021.812647,2.181265,3,2,1
17.0,12.0,1021.812647,2.181265,3,2,1
17.0,12.5,1021.812647,2.181265,3,2,1
17.0,13.0,1021.812647,2.181265,3,2,1
17.0,13.5,1021.812647,2.181265,3,2,1
12.0,3.0,1021.342467,2.134247,6,3,3
12.0,3.5,1021.342467,2.134247,6,3,3
13.0,2.0,1020.97166,2.097166,6,3,3
6.0,1.0,1020.78999,2.078999,14,7,7
19.5,1.5,1020.367143,2.036714,4,2,2
6.5,1.0,1020.364208,2.036421,12,6,6
7.0,3.0,1020.192723,2.019272,10,5,5
19.0,2.0,1019.509374,1.950937,4,2,2
4.0,1.5,1019.352074,1.935207,24,12,12
8.5,19.0,1019.005422,1.900542,3,2,1
9.0,19.0,1019.005422,1.900542,3,2,1
8.5,19.5,1019.005422,1.900542,3,2,1
9.0,19.5,1019.005422,1.900542,3,2,1
5.5,20.0,1019.002286,1.900229,3,2,1
6.0,20.0,1019.002286,1.900229,3,2,1
6.5,20.0,1019.002286,1.900229,3,2,1
7.0,20.0,1019.002286,1.900229,3,2,1
7.5,20.0,1019.002286,1.900229,3,2,1
8.0,20.0,1019.002286,1.900229,3,2,1
11.0,18.0,1018.60473,1.860473,3,2,1
4.5,2.5,1018.565548,1.856555,18,9,9
5.5,1.5,1018.485849,1.848585,14,7,7
4.0,3.5,1018.328447,1.832845,15,8,7
12.0,1.5,1018.13461,1.813461,6,3,3
17.5,10.5,1017.980194,1.798019,3,2,1
17.5,11.0,1017.980194,1.798019,3,2,1
17.5,11.5,1017.980194,1.798019,3,2,1
17.5,12.0,1017.980194,1.798019,3,2,1
17.5,12.5,1017.980194,1.798019,3,2,1
17.5,13.0,1017.980194,1.798019,3,2,1
17.5,13.5,1017.980194,1.798019,3,2,1
1.0,3.0,1017.720892,1.772089,33,17,16
18.5,2.5,1017.653464,1.765346,4,2,2
11.5,18.0,1017.538746,1.753875,3,2,1
3.5,4.5,1017.248324,1.724832,11,6,5
10.5,18.5,1016.83698,1.683698,3,2,1
19.5,2.0,1016.190651,1.619065,4,2,2
12.5,3.0,1016.144812,1.614481,6,3,3
12.5,3.5,1016.144812,1.614481,6,3,3
12.0,1.0,1015.985111,1.598511,6,3,3
12.5,1.0,1015.941467,1.594147,6,3,3
20.0,1.5,1015.738118,1.573812,4,2,2
18.5,1.0,1015.527348,1.552735,4,2,2
6.5,1.5,1014.587701,1.45877,12,6,6
16.5,14.0,1014.272226,1.427223,3,2,1
18.0,10.5,1013.842027,1.384203,3,2,1
18.0,11.0,1013.842027,1.384203,3,2,1
18.0,11.5,1013.842027,1.384203,3,2,1
18.0,12.0,1013.842027,1.384203,3,2,1
18.0,12.5,1013.842027,1.384203,3,2,1
18.0,13.0,1013.842027,1.384203,3,2,1
18.0,13.5,1013.842027,1.384203,3,2,1
2.5,2.5,1013.828315,1.382831,28,14,14
3.5,3.0,1013.670926,1.367093,20,10,10
19.0,2.5,1013.665349,1.366535,4,2,2
12.0,17.0,1013.437117,1.343712,3,2,1
12.5,17.0,1013.437117,1.343712,3,2,1
12.0,17.5,1013.437117,1.343712,3,2,1
12.5,17.5,1013.437117,1.343712,3,2,1
11.5,2.0,1013.399445,1.339945,6,3,3
15.5,1.5,1013.226148,1.322615,6,3,3
13.5,2.0,1013.160759,1.316076,6,3,3
17.0,14.0,1013.149094,1.314909,3,2,1
12.5,1.5,1012.953279,1.295328,6,3,3
8.0,2.5,1012.896181,1.289618,10,5,5
11.0,18.5,1012.575985,1.257599,3,2,1
10.0,2.0,1011.974475,1.197448,8,4,4
20.0,2.0,1011.580574,1.158057,4,2,2
19.0,1.0,1011.547565,1.154756,4,2,2
11.5,18.5,1011.51631,1.151631,3,2,1
15.5,1.0,1010.982328,1.098233,6,3,3
19.5,2.5,1010.36565,1.036565,4,2,2
13.0,2.5,1010.108808,1.010881,6,3,3
14.0,2.0,1010.008897,1.00089,6,3,3
1.5,1.5,1009.389628,0.938963,53,27,26
17.5,14.0,1009.349136,0.934914,3,2,1
8.5,20.0,1009.320566,0.932057,3,2,1
9.0,20.0,1009.320566,0.932057,3,2,1
4.5,3.0,1009.079864,0.907986,16,8,8
6.0,3.0,1009.062981,0.906298,12,6,6
9.5,19.0,1008.702767,0.870277,3,2,1
10.0,19.0,1008.702767,0.870277,3,2,1
9.5,19.5,1008.702767,0.870277,3,2,1
10.0,19.5,1008.702767,0.870277,3,2,1
18.5,10.5,1008.523501,0.85235,3,2,1
18.5,11.0,1008.523501,0.85235,3,2,1
18.5,11.5,1008.523501,0.85235,3,2,1
18.5,12.0,1008.523501,0.85235,3,2,1
18.5,12.5,1008.523501,0.85235,3,2,1
18.5,13.0,1008.523501,0.85235,3,2,1
18.5,13.5,1008.523501,0.85235,3,2,1
10.0,1.5,1008.476509,0.847651,8,4,4
19.5,1.0,1008.25476,0.825476,4,2,2
4.0,2.5,1008.012333,0.801233,20,10,10
14.5,2.0,1007.582202,0.75822,6,3,3
12.0,18.0,1007.34811,0.734811,3,2,1
12.5,18.0,1007.34811,0.734811,3,2,1
16.0,1.5,1006.556372,0.655637,6,3,3
7.5,3.0,1006.422253,0.642225,10,5,5
4.5,1.5,1006.331503,0.63315,22,11,11
9.5,2.0,1006.28896,0.628896,8,4,4
10.0,2.5,1006.173642,0.617364,8,4,4
20.0,2.5,1005.781999,0.5782,4,2,2
18.5,3.0,1005.687604,0.56876,4,2,2
18.0,14.0,1005.246054,0.524605,3,2,1
13.0,4.0,1005.189949,0.518995,6,3,3
6.0,1.5,1004.717654,0.471765,14,7,7
19.0,10.5,1004.571165,0.457117,3,2,1
19.0,11.0,1004.571165,0.457117,3,2,1
19.0,11.5,1004.571165,0.457117,3,2,1
19.0,12.0,1004.571165,0.457117,3,2,1
19.0,12.5,1004.571165,0.457117,3,2,1
19.0,13.0,1004.571165,0.457117,3,2,1
19.0,13.5,1004.571165,0.457117,3,2,1
16.0,1.0,1004.327323,0.432732,6,3,3
7.0,1.5,1003.719254,0.371925,12,6,6
20.0,1.0,1003.680685,0.368068,4,2,2
15.0,2.0,1003.56357,0.356357,6,3,3
1.5,2.0,1003.385037,0.338504,41,21,20
10.5,19.0,1002.925324,0.292532,3,2,1
10.5,19.5,1002.925324,0.292532,3,2,1
13.5,2.5,1002.381013,0.238101,6,3,3
8.5,2.0,1002.345129,0.234513,10,5,5
19.0,3.0,1001.746382,0.174638,4,2,2
12.0,18.5,1001.385989,0.138599,3,2,1
12.5,18.5,1001.385989,0.138599,3,2,1
13.0,14.5,1001.383338,0.138334,3,2,1
13.5,14.5,1001.383338,0.138334,3,2,1
14.0,14.5,1001.383338,0.138334,3,2,1
14.5,14.5,1001.383338,0.138334,3,2,1
15.0,14.5,1001.383338,0.138334,3,2,1
13.0,15.0,1001.383338,0.138334,3,2,1
13.5,15.0,1001.383338,0.138334,3,2,1
14.0,15.0,1001.383338,0.138334,3,2,1
14.5,15.0,1001.383338,0.138334,3,2,1
15.0,15.0,1001.383338,0.138334,3,2,1
13.0,15.5,1001.383338,0.138334,3,2,1
13.5,15.5,1001.383338,0.138334,3,2,1
14.0,15.5,1001.383338,0.138334,3,2,1
14.5,15.5,1001.383338,0.138334,3,2,1
15.0,15.5,1001.383338,0.138334,3,2,1
13.0,16.0,1001.383338,0.138334,3,2,1
13.5,16.0,1001.383338,0.138334,3,2,1
14.0,16.0,1001.383338,0.138334,3,2,1
14.5,16.0,1001.383338,0.138334,3,2,1
15.0,16.0,1001.383338,0.138334,3,2,1
13.0,16.5,1001.383338,0.138334,3,2,1
13.5,16.5,1001.383338,0.138334,3,2,1
14.0,16.5,1001.383338,0.138334,3,2,1
14.5,16.5,1001.383338,0.138334,3,2,1
15.0,16.5,1001.383338,0.138334,3,2,1
1.0,1.0,1001.356824,0.135682,82,41,41
19.5,10.5,1001.30107,0.130107,3,2,1
19.5,11.0,1001.30107,0.130107,3,2,1
19.5,11.5,1001.30107,0.130107,3,2,1
19.5,12.0,1001.30107,0.130107,3,2,1
19.5,12.5,1001.30107,0.130107,3,2,1
19.5,13.0,1001.30107,0.130107,3,2,1
19.5,13.5,1001.30107,0.130107,3,2,1
7.0,1.0,1000.969003,0.0969,12,6,6
18.5,14.0,999.972622,-0.002738,3,2,1
2.5,3.0,999.708293,-0.029171,24,12,12
9.5,1.5,999.338707,-0.066129,8,4,4
14.0,2.5,999.262686,-0.073731,6,3,3
9.5,20.0,999.115829,-0.088417,3,2,1
10.0,20.0,999.115829,-0.088417,3,2,1
11.0,19.0,998.722625,-0.127737,3,2,1
11.0,19.5,998.722625,-0.127737,3,2,1
19.5,3.0,998.485483,-0.151452,4,2,2
12.0,2.0,998.323809,-0.167619,6,3,3
11.5,19.0,997.677448,-0.232255,3,2,1
11.5,19.5,997.677448,-0.232255,3,2,1
13.5,4.0,997.499786,-0.250021,6,3,3
2.5,2.0,997.235558,-0.276444,32,16,16
15.5,14.5,997.225004,-0.2775,3,2,1
15.5,15.0,997.225004,-0.2775,3,2,1
15.5,15.5,997.225004,-0.2775,3,2,1
15.5,16.0,997.225004,-0.2775,3,2,1
15.5,16.5,997.225004,-0.2775,3,2,1
14.5,2.5,996.86181,-0.313819,6,3,3
20.0,10.5,996.758541,-0.324146,3,2,1
20.0,11.0,996.758541,-0.324146,3,2,1
20.0,11.5,996.758541,-0.324146,3,2,1
20.0,12.0,996.758541,-0.324146,3,2,1
20.0,12.5,996.758541,-0.324146,3,2,1
20.0,13.0,996.758541,-0.324146,3,2,1
20.0,13.5,996.758541,-0.324146,3,2,1
5.0,3.5,996.25433,-0.374567,14,7,7
5.5,1.0,996.237296,-0.37627,16,8,8
19.0,14.0,996.053796,-0.39462,3,2,1
9.5,2.5,995.582329,-0.441767,8,4,4
4.0,2.0,994.491457,-0.550854,22,11,11
4.0,3.0,994.426121,-0.557388,18,9,9
14.0,4.0,994.396644,-0.560336,6,3,3
20.0,3.0,993.955727,-0.604427,4,2,2
10.5,20.0,993.393296,-0.66067,3,2,1
16.5,1.5,993.378515,-0.662148,6,3,3
12.5,2.0,993.243296,-0.67567,6,3,3
16.0,14.5,993.212018,-0.678798,3,2,1
16.0,15.0,993.212018,-0.678798,3,2,1
16.0,15.5,993.212018,-0.678798,3,2,1
16.0,16.0,993.212018,-0.678798,3,2,1
16.0,16.5,993.212018,-0.678798,3,2,1
5.0,2.0,992.974405,-0.70256,18,9,9
10.5,2.0,992.911494,-0.708851,8,4,4
15.0,2.5,992.885935,-0.711406,6,3,3
15.5,2.0,992.862227,-0.713777,6,3,3
19.5,14.0,992.811427,-0.718857,3,2,1
4.5,2.0,992.515871,-0.748413,20,10,10
9.5,1.0,992.253246,-0.774675,8,4,4
13.0,17.0,992.192929,-0.780707,3,2,1
13.5,17.0,992.192929,-0.780707,3,2,1
14.0,17.0,992.192929,-0.780707,3,2,1
14.5,17.0,992.192929,-0.780707,3,2,1
15.0,17.0,992.192929,-0.780707,3,2,1
13.0,17.5,992.192929,-0.780707,3,2,1
13.5,17.5,992.192929,-0.780707,3,2,1
14.0,17.5,992.192929,-0.780707,3,2,1
14.5,17.5,992.192929,-0.780707,3,2,1
15.0,17.5,992.192929,-0.780707,3,2,1
14.5,4.0,992.007459,-0.799254,6,3,3
10.5,1.5,991.97476,-0.802524,8,4,4
8.5,2.5,991.680459,-0.831954,10,5,5
13.0,3.0,991.513582,-0.848642,6,3,3
13.0,3.5,991.513582,-0.848642,6,3,3
8.0,3.0,991.402072,-0.859793,10,5,5
16.5,1.0,991.178649,-0.882135,6,3,3
3.5,1.5,989.629491,-1.037051,30,15,15
11.0,20.0,989.230541,-1.076946,3,2,1
17.0,1.5,988.391084,-1.160892,6,3,3
20.0,14.0,988.307413,-1.169259,3,2,1
11.5,20.0,988.195297,-1.18047,3,2,1
15.5,17.0,988.07276,-1.192724,3,2,1
15.5,17.5,988.07276,-1.192724,3,2,1
15.0,4.0,988.050946,-1.194905,6,3,3
12.0,19.0,987.685723,-1.231428,3,2,1
12.5,19.0,987.685723,-1.231428,3,2,1
12.0,19.5,987.685723,-1.231428,3,2,1
12.5,19.5,987.685723,-1.231428,3,2,1
10.5,2.5,987.219934,-1.278007,8,4,4
16.0,2.0,986.326501,-1.36735,6,3,3
13.0,18.0,986.231563,-1.376844,3,2,1
13.5,18.0,986.231563,-1.376844,3,2,1
14.0,18.0,986.231563,-1.376844,3,2,1
14.5,18.0,986.231563,-1.376844,3,2,1
15.0,18.0,986.231563,-1.376844,3,2,1
17.0,1.0,986.202263,-1.379774,6,3,3
16.5,14.5,984.954502,-1.50455,3,2,1
16.5,15.0,984.954502,-1.50455,3,2,1
16.5,15.5,984.954502,-1.50455,3,2,1
16.5,16.0,984.954502,-1.50455,3,2,1
16.5,16.5,984.954502,-1.50455,3,2,1
1.5,3.0,984.402014,-1.559799,31,16,15
7.5,1.5,984.298387,-1.570161,12,6,6
16.0,17.0,984.096604,-1.59034,3,2,1
16.0,17.5,984.096604,-1.59034,3,2,1
13.5,3.0,983.928049,-1.607195,6,3,3
13.5,3.5,983.928049,-1.607195,6,3,3
17.0,14.5,983.863835,-1.613617,3,2,1
17.0,15.0,983.863835,-1.613617,3,2,1
17.0,15.5,983.863835,-1.613617,3,2,1
17.0,16.0,983.863835,-1.613617,3,2,1
17.0,16.5,983.863835,-1.613617,3,2,1
10.0,1.0,983.168964,-1.683104,8,4,4
11.0,1.5,982.744438,-1.725556,8,4,4
11.0,2.0,982.593849,-1.740615,8,4,4
15.5,2.5,982.298452,-1.770155,6,3,3
15.5,18.0,982.136149,-1.786385,3,2,1
9.0,2.0,981.525509,-1.847449,10,5,5
5.0,1.5,981.201762,-1.879824,20,10,10
4.0,1.0,981.096635,-1.890336,26,13,13
14.0,3.0,980.867128,-1.913287,6,3,3
14.0,3.5,980.867128,-1.913287,6,3,3
17.5,1.5,980.745576,-1.925442,6,3,3
13.0,18.5,980.394423,-1.960558,3,2,1
13.5,18.5,980.394423,-1.960558,3,2,1
14.0,18.5,980.394423,-1.960558,3,2,1
14.5,18.5,980.394423,-1.960558,3,2,1
15.0,18.5,980.394423,-1.960558,3,2,1
17.5,14.5,980.173715,-1.982629,3,2,1
17.5,15.0,980.173715,-1.982629,3,2,1
17.5,15.5,980.173715,-1.982629,3,2,1
17.5,16.0,980.173715,-1.982629,3,2,1
17.5,16.5,980.173715,-1.982629,3,2,1
7.5,1.0,979.83671,-2.016329,12,6,6
1.5,2.5,979.184066,-2.081593,37,19,18
17.5,1.0,978.573685,-2.142631,6,3,3
14.5,3.0,978.51045,-2.148955,6,3,3
14.5,3.5,978.51045,-2.148955,6,3,3
12.0,20.0,978.298536,-2.170146,3,2,1
12.5,20.0,978.298536,-2.170146,3,2,1
16.0,18.0,978.183882,-2.181612,3,2,1
15.5,4.0,977.515019,-2.248498,6,3,3
11.0,2.5,976.961432,-2.303857,8,4,4
11.0,1.0,976.775906,-2.322409,8,4,4
10.5,1.0,976.700555,-2.329944,8,4,4
15.5,18.5,976.323248,-2.367675,3,2,1
18.0,14.5,976.189233,-2.381077,3,2,1
18.0,15.0,976.189233,-2.381077,3,2,1
18.0,15.5,976.189233,-2.381077,3,2,1
18.0,16.0,976.189233,-2.381077,3,2,1
18.0,16.5,976.189233,-2.381077,3,2,1
16.5,17.0,975.914873,-2.408513,3,2,1
16.5,17.5,975.914873,-2.408513,3,2,1
16.0,2.5,975.832264,-2.416774,6,3,3
17.0,17.0,974.834216,-2.516578,3,2,1
17.0,17.5,974.834216,-2.516578,3,2,1
15.0,3.0,974.607767,-2.539223,6,3,3
15.0,3.5,974.607767,-2.539223,6,3,3
9.0,1.5,974.574517,-2.542548,10,5,5
9.5,3.0,974.455627,-2.554437,8,4,4
5.0,2.5,974.060751,-2.593925,18,9,9
16.5,2.0,973.413495,-2.658651,6,3,3
18.0,1.5,973.151358,-2.684864,6,3,3
16.0,18.5,972.394374,-2.760563,3,2,1
17.5,17.0,971.177962,-2.882204,3,2,1
17.5,17.5,971.177962,-2.882204,3,2,1
9.0,2.5,971.082353,-2.891765,10,5,5
16.0,4.0,971.08032,-2.891968,6,3,3
18.5,14.5,971.06823,-2.893177,3,2,1
18.5,15.0,971.06823,-2.893177,3,2,1
18.5,15.5,971.06823,-2.893177,3,2,1
18.5,16.0,971.06823,-2.893177,3,2,1
18.5,16.5,971.06823,-2.893177,3,2,1
18.0,1.0,970.996285,-2.900371,6,3,3
8.5,3.0,970.636557,-2.936344,10,5,5
4.5,1.0,970.465097,-2.95349,24,12,12
11.5,1.5,970.382755,-2.961725,8,4,4
5.0,3.0,970.136619,-2.986338,16,8,8
16.5,18.0,970.051309,-2.994869,3,2,1
17.0,18.0,968.977145,-3.102285,3,2,1
17.0,2.0,968.526301,-3.14737,6,3,3
9.0,1.0,968.435405,-3.15646,10,5,5
19.0,14.5,967.26268,-3.273732,3,2,1
19.0,15.0,967.26268,-3.273732,3,2,1
19.0,15.5,967.26268,-3.273732,3,2,1
19.0,16.0,967.26268,-3.273732,3,2,1
19.0,16.5,967.26268,-3.273732,3,2,1
18.0,17.0,967.230049,-3.276995,3,2,1
18.0,17.5,967.230049,-3.276995,3,2,1
13.0,19.0,966.981349,-3.301865,3,2,1
13.5,19.0,966.981349,-3.301865,3,2,1
14.0,19.0,966.981349,-3.301865,3,2,1
14.5,19.0,966.981349,-3.301865,3,2,1
15.0,19.0,966.981349,-3.301865,3,2,1
13.0,19.5,966.981349,-3.301865,3,2,1
13.5,19.5,966.981349,-3.301865,3,2,1
14.0,19.5,966.981349,-3.301865,3,2,1
14.5,19.5,966.981349,-3.301865,3,2,1
15.0,19.5,966.981349,-3.301865,3,2,1
17.5,18.0,965.34286,-3.465714,3,2,1
10.0,3.0,965.098921,-3.490108,8,4,4
16.5,18.5,964.309935,-3.569007,3,2,1
15.5,3.0,964.21519,-3.578481,6,3,3
15.5,3.5,964.21519,-3.578481,6,3,3
19.5,14.5,964.114032,-3.588597,3,2,1
19.5,15.0,964.114032,-3.588597,3,2,1
19.5,15.5,964.114032,-3.588597,3,2,1
19.5,16.0,964.114032,-3.588597,3,2,1
19.5,16.5,964.114032,-3.588597,3,2,1
11.5,1.0,963.75039,-3.624961,8,4,4
17.0,18.5,963.242128,-3.675787,3,2,1
16.5,2.5,963.056648,-3.694335,6,3,3
15.5,19.0,962.965873,-3.703413,3,2,1
15.5,19.5,962.965873,-3.703413,3,2,1
18.5,17.0,962.156046,-3.784395,3,2,1
18.5,17.5,962.156046,-3.784395,3,2,1
18.0,18.0,961.418667,-3.858133,3,2,1
5.0,1.0,961.03703,-3.896297,22,11,11
17.5,2.0,961.034453,-3.896555,6,3,3
8.0,1.5,960.472249,-3.952775,12,6,6
20.0,14.5,959.740207,-4.025979,3,2,1
20.0,15.0,959.740207,-4.025979,3,2,1
20.0,15.5,959.740207,-4.025979,3,2,1
20.0,16.0,959.740207,-4.025979,3,2,1
20.0,16.5,959.740207,-4.025979,3,2,1
17.5,18.5,959.629352,-4.037065,3,2,1
16.0,19.0,959.090751,-4.090925,3,2,1
16.0,19.5,959.090751,-4.090925,3,2,1
19.0,17.0,958.385421,-4.161458,3,2,1
19.0,17.5,958.385421,-4.161458,3,2,1
16.5,4.0,958.366916,-4.163308,6,3,3
17.0,2.5,958.221454,-4.177855,6,3,3
8.0,1.0,957.908039,-4.209196,12,6,6
16.0,3.0,957.86804,-4.213196,6,3,3
16.0,3.5,957.86804,-4.213196,6,3,3
13.0,20.0,957.790941,-4.220906,3,2,1
13.5,20.0,957.790941,-4.220906,3,2,1
14.0,20.0,957.790941,-4.220906,3,2,1
14.5,20.0,957.790941,-4.220906,3,2,1
15.0,20.0,957.790941,-4.220906,3,2,1
18.5,18.0,956.375149,-4.362485,3,2,1
3.0,1.0,955.73837,-4.426163,38,19,19
18.0,18.5,955.728385,-4.427161,3,2,1
19.5,17.0,955.26567,-4.473433,3,2,1
19.5,17.5,955.26567,-4.473433,3,2,1
15.5,20.0,953.813628,-4.618637,3,2,1
18.0,2.0,953.592865,-4.640714,6,3,3
17.0,4.0,953.555267,-4.644473,6,3,3
19.0,18.0,952.627179,-4.737282,3,2,1
16.5,19.0,951.116917,-4.888308,3,2,1
16.5,19.5,951.116917,-4.888308,3,2,1
20.0,17.0,950.931987,-4.906801,3,2,1
20.0,17.5,950.931987,-4.906801,3,2,1
17.5,2.5,950.809316,-4.919068,6,3,3
18.5,18.5,950.714718,-4.928528,3,2,1
9.0,3.0,950.475552,-4.952445,10,5,5
17.0,19.0,950.063719,-4.993628,3,2,1
17.0,19.5,950.063719,-4.993628,3,2,1
16.0,20.0,949.975336,-5.002466,3,2,1
19.5,18.0,949.526173,-5.047383,3,2,1
2.5,1.5,949.33428,-5.066572,42,21,21
19.0,18.5,946.988931,-5.301107,3,2,1
10.5,3.0,946.918954,-5.308105,8,4,4
17.5,19.0,946.500371,-5.349963,3,2,1
17.5,19.5,946.500371,-5.349963,3,2,1
17.5,4.0,946.179224,-5.382078,6,3,3
16.5,3.0,945.327612,-5.467239,6,3,3
16.5,3.5,945.327612,-5.467239,6,3,3
20.0,18.0,945.218528,-5.478147,3,2,1
19.5,18.5,943.906279,-5.609372,3,2,1
18.0,2.5,943.446904,-5.65531,6,3,3
18.0,19.0,942.652775,-5.734723,3,2,1
18.0,19.5,942.652775,-5.734723,3,2,1
16.5,20.0,942.077288,-5.792271,3,2,1
17.0,20.0,941.0341,-5.89659,3,2,1
17.0,3.0,940.581429,-5.941857,6,3,3
17.0,3.5,940.581429,-5.941857,6,3,3
8.5,1.5,940.354578,-5.964542,12,6,6
2.0,1.0,939.914794,-6.008521,58,29,29
20.0,18.5,939.624129,-6.037587,3,2,1
18.0,4.0,938.852665,-6.114734,6,3,3
8.5,1.0,938.565152,-6.143485,12,6,6
18.5,19.0,937.707701,-6.22923,3,2,1
18.5,19.5,937.707701,-6.22923,3,2,1
17.5,20.0,937.504619,-6.249538,3,2,1
11.0,3.0,937.079231,-6.292077,8,4,4
19.0,19.0,934.032888,-6.596711,3,2,1
19.0,19.5,934.032888,-6.596711,3,2,1
18.0,20.0,933.693591,-6.630641,3,2,1
17.5,3.0,933.305742,-6.669426,6,3,3
17.5,3.5,933.305742,-6.669426,6,3,3
19.5,19.0,930.99241,-6.900759,3,2,1
19.5,19.5,930.99241,-6.900759,3,2,1
18.5,20.0,928.795516,-7.120448,3,2,1
20.0,19.0,926.768845,-7.323115,3,2,1
20.0,19.5,926.768845,-7.323115,3,2,1
18.0,3.0,926.078866,-7.392113,6,3,3
18.0,3.5,926.078866,-7.392113,6,3,3
19.0,20.0,925.155629,-7.484437,3,2,1
19.5,20.0,922.144049,-7.785595,3,2,1
20.0,20.0,917.960626,-8.203937,3,2,1
1.5,1.0,912.025548,-8.797445,74,37,37
3.5,1.0,903.12461,-9.687539,36,18,18
2.5,1.0,848.134974,-15.186503,54,27,27
