Datetime,symbol,x_days,buy_rise_pct,sell_drop_pct,train_final_value,validate_final_value,status,reject_reason
2026-09-03T01:01:42.545931Z,AAPL,20,1.5,4.5,983.3667270934708,1049.1752856768544,applied,
2026-09-03T01:01:42.545931Z,AMD,20,3.5,3.0,1007.1353620146904,963.9617358025451,applied,
2026-09-03T01:01:42.545931Z,GOOG,20,2.5,8.5,945.2840486231704,976.5237678623506,applied,
2026-09-03T01:01:42.545931Z,MSFT,20,2.0,1.5,1010.340557275542,1023.8025568662348,applied,
2026-09-03T01:01:42.545931Z,NVDA,20,3.0,4.0,973.7501708973248,998.4533227941364,applied,
2026-09-03T01:01:42.545931Z,SMH,20,3.0,3.5,980.5099011254224,975.2616306870704,applied,
2026-09-03T01:01:42.545931Z,ZSP.TO,20,2.0,2.0,981.0286675468132,997.342433056724,rejected,holdout_rejected
2026-09-08T11:14:06.449812Z,AAPL,20,1.5,4.5,1036.7177625822342,998.1834695731152,rejected,holdout_rejected
2026-09-08T11:14:06.449812Z,AMD,20,3.5,3.0,989.6585407287862,970.4157312196994,rejected,holdout_rejected
2026-09-08T11:14:06.449812Z,GOOG,20,2.5,8.5,965.0061985799616,974.4866574885028,rejected,holdout_rejected
2026-09-08T11:14:06.449812Z,MSFT,20,2.5,6.5,1017.0326102211518,971.3350754027408,applied,
2026-09-08T11:14:06.449812Z,NVDA,20,3.0,4.0,996.5241253144294,1055.182188085768,rejected,holdout_rejected
2026-09-08T11:14:06.449812Z,SMH,20,3.0,3.5,966.212579333802,1027.064887484061,rejected,holdout_rejected
2026-09-08T15:11:05.009626Z,ZSP.TO,20,2.0,2.0,992.4831133599782,996.2244513647704,rejected,holdout_rejected
2026-09-14T10:40:35.404313Z,AAPL,20,1.5,4.5,1067.4815104421205,967.861285702098,rejected,holdout_rejected
2026-09-14T10:40:35.404313Z,AMD,20,4.0,2.0,870.5191476338039,1017.805360463321,applied,
2026-09-14T10:40:35.404313Z,GOOG,20,2.5,8.5,981.5037572254336,985.652544615294,rejected,holdout_rejected
2026-09-14T10:40:35.404313Z,MSFT,20,2.5,6.5,1037.2483207816,970.5216989252852,rejected,holdout_rejected
2026-09-14T10:40:35.404313Z,NVDA,20,3.0,4.0,1014.5899611170024,898.6570852259365,rejected,holdout_rejected
2026-09-14T10:40:35.404313Z,SMH,20,3.0,3.5,928.8645801028648,951.0818901004916,rejected,holdout_rejected
2026-09-14T16:37:19.810106Z,ZSP.TO,20,1.5,2.5,992.6240344239324,992.328071645941,applied,
2026-09-21T14:05:32.439533Z,AAPL,20,1.5,4.5,1072.1194145334966,1016.42656445802,rejected,holdout_rejected
2026-09-21T14:05:32.439533Z,AMD,20,3.5,8.0,1112.6706935605653,1240.813111247725,applied,
2026-09-21T14:05:32.439533Z,GOOG,20,2.5,8.5,985.6039016364545,1048.9342356544112,rejected,holdout_rejected
2026-09-21T14:05:32.439533Z,MSFT,20,2.5,6.5,1021.6978405384202,1009.5098508350987,rejected,holdout_rejected
2026-09-21T14:05:32.439533Z,NVDA,20,3.0,4.0,1015.7769814306324,1045.861979489316,rejected,holdout_rejected
2026-09-21T14:05:32.439533Z,SMH,20,3.0,3.5,1030.6262058970062,1066.1965597478911,rejected,holdout_rejected
2026-09-21T14:05:32.439533Z,ZSP.TO,20,1.5,2.5,1003.8812915194616,1019.7108014246176,rejected,holdout_rejected
2026-09-28T16:05:47.396909Z,AAPL,20,1.5,4.5,1048.576529174105,1016.8034403097485,rejected,holdout_rejected
2026-09-28T16:05:47.396909Z,AMD,20,3.5,8.0,1188.1549060312525,1051.4298083996296,rejected,holdout_rejected
2026-09-28T16:05:47.396909Z,GOOG,20,2.5,8.5,1013.7379536600369,942.397524356104,rejected,holdout_rejected
2026-09-28T16:05:47.396909Z,MSFT,20,2.5,6.5,968.668242451196,1032.1921791047723,rejected,holdout_rejected
2026-09-28T16:05:47.396909Z,NVDA,20,3.0,4.0,1017.3730169615508,992.4656053420232,rejected,holdout_rejected
2026-09-28T16:05:47.396909Z,SMH,20,3.0,3.5,1027.8191842818917,1026.8476846169754,rejected,holdout_rejected
2026-09-28T16:05:47.396909Z,ZSP.TO,20,1.5,2.5,1006.778796201486,1005.9815225957992,rejected,holdout_rejected
2026-10-05T14:17:12.639045Z,AAPL,20,1.5,4.5,1062.627530999843,954.7804668434662,rejected,holdout_rejected
2026-10-05T14:17:12.639045Z,AMD,20,3.5,8.0,1262.1760800777615,1027.2501026096947,rejected,holdout_rejected
2026-10-05T14:17:12.639045Z,GOOG,20,2.5,8.5,1016.5222345497616,1008.1827027795164,rejected,holdout_rejected
2026-10-05T14:17:12.639045Z,MSFT,20,2.5,6.5,1025.0991284745285,1036.338887258593,rejected,holdout_rejected
2026-10-05T14:17:12.639045Z,NVDA,20,3.0,4.0,994.2462999549408,1026.223624428403,rejected,holdout_rejected
2026-10-05T14:17:12.639045Z,SMH,20,3.0,3.5,1053.152884665954,1042.7228066446023,rejected,holdout_rejected
2026-10-05T14:17:12.639045Z,ZSP.TO,20,1.5,2.5,1030.6245954782016,1014.5012211507532,rejected,holdout_rejected
